tipo,nombre,id,url,artista,fecha_lanzamiento,seguidores,album,due√±o,editor,show,narrador
albums,F*CK,3qFjhIu38Fly1SXrWiD1Tq,https://open.spotify.com/album/3qFjhIu38Fly1SXrWiD1Tq,Los Gemelos De Sinaloa,2023-12-01,,,,,,
albums,The Rise and Fall of a Midwest Princess,0EiI8ylL0FmWWpgHVTsZjZ,https://open.spotify.com/album/0EiI8ylL0FmWWpgHVTsZjZ,Chappell Roan,2023-09-22,,,,,,
albums,F,36ltQ6pWG0YtsqMXdt8h5F,https://open.spotify.com/album/36ltQ6pWG0YtsqMXdt8h5F,Fiona Sit,2004-04-08,,,,,,
albums,10 Hours of Continuous Rain Sounds for Sleeping,54vGSK50oe08qxz2xXECEC,https://open.spotify.com/album/54vGSK50oe08qxz2xXECEC,White Noise Radiance,2021-01-22,,,,,,
albums,F,6410FMEExJZOGqtOzqDn4V,https://open.spotify.com/album/6410FMEExJZOGqtOzqDn4V,ÊùéÂøó,2014,,,,,,
albums,Fireworks & Rollerblades,168CdR21lfn0TTyw1Pkdcm,https://open.spotify.com/album/168CdR21lfn0TTyw1Pkdcm,Benson Boone,2024-04-05,,,,,,
albums,F,7HLxmPRh2usfhwz87GN6wq,https://open.spotify.com/album/7HLxmPRh2usfhwz87GN6wq,Feyesal,2018-10-23,,,,,,
albums,For All The Dogs,4czdORdCWP9umpbhFXK2fW,https://open.spotify.com/album/4czdORdCWP9umpbhFXK2fW,Drake,2023-10-06,,,,,,
albums,F,6p1tgvFILWWNUhdSQoliGB,https://open.spotify.com/album/6p1tgvFILWWNUhdSQoliGB,FAKY,2022-10-19,,,,,,
albums,Fathers & Sons,02GDaShX8vOw5tcak3OXow,https://open.spotify.com/album/02GDaShX8vOw5tcak3OXow,Luke Combs,2024-06-14,,,,,,
albums,F,0HXYuNSQCIWLfPETngTYGp,https://open.spotify.com/album/0HXYuNSQCIWLfPETngTYGp,Flower,2019-03-27,,,,,,
albums,folklore,2fenSS68JI1h4Fo296JfGr,https://open.spotify.com/album/2fenSS68JI1h4Fo296JfGr,Taylor Swift,2020-07-24,,,,,,
albums,F,6hT2y6pM4Wu95Yw6RUNcGK,https://open.spotify.com/album/6hT2y6pM4Wu95Yw6RUNcGK,Mr.Pagan,2023-07-20,,,,,,
albums,Best White Noise For Sleeping Baby,0NGHR9zjS5eFFlqtClA9VV,https://open.spotify.com/album/0NGHR9zjS5eFFlqtClA9VV,Dream Supplier,2020-04-29,,,,,,
albums,F,5Z6LsBgyYrhrJ2AYILMjG5,https://open.spotify.com/album/5Z6LsBgyYrhrJ2AYILMjG5,Fujifabric,2019-01-21,,,,,,
albums,This One's for You Too (Deluxe Edition),53Oa5Bu0UTU8o8qCTaHKoz,https://open.spotify.com/album/53Oa5Bu0UTU8o8qCTaHKoz,Luke Combs,2018-06-01,,,,,,
albums,F,3lPAhgvKs2L0OXy3vWPGM4,https://open.spotify.com/album/3lPAhgvKs2L0OXy3vWPGM4,Bobby Joe Ebola and the Children MacNuggits,2010-10-10,,,,,,
albums,2014 Forest Hills Drive,0UMMIkurRUmkruZ3KGBLtG,https://open.spotify.com/album/0UMMIkurRUmkruZ3KGBLtG,J. Cole,2014-12-09,,,,,,
albums,F,5nW18FQnkLRcXBBaXWjkyE,https://open.spotify.com/album/5nW18FQnkLRcXBBaXWjkyE,Damian Webb,2006-01-01,,,,,,
albums,This One's for You,1lhNch5NkOONvFhRPh8qaj,https://open.spotify.com/album/1lhNch5NkOONvFhRPh8qaj,Luke Combs,2017-06-02,,,,,,
albums,F,2ZNY4O6P8iJRrmKReQtGvG,https://open.spotify.com/album/2ZNY4O6P8iJRrmKReQtGvG,„Éû„É´„Çª„Éñ„É≥,2024-06-11,,,,,,
albums,Flower Boy,2nkto6YNI4rUYTLqEwWJ3o,https://open.spotify.com/album/2nkto6YNI4rUYTLqEwWJ3o,"Tyler, The Creator",2017-07-21,,,,,,
albums,F,2zs6kYNBulwcN88x8GLopr,https://open.spotify.com/album/2zs6kYNBulwcN88x8GLopr,Jairous,2021-02-14,,,,,,
albums,emails i can‚Äôt send fwd:,2g4aJTa5ejGpp0O0GKzWAQ,https://open.spotify.com/album/2g4aJTa5ejGpp0O0GKzWAQ,Sabrina Carpenter,2023-03-17,,,,,,
albums,F,2qLWEl9FnyVJYZra6m33Z2,https://open.spotify.com/album/2qLWEl9FnyVJYZra6m33Z2,Paycheck,2022-04-01,,,,,,
albums,"WHEN WE ALL FALL ASLEEP, WHERE DO WE GO?",0S0KGZnfBGSIssfF54WSJh,https://open.spotify.com/album/0S0KGZnfBGSIssfF54WSJh,Billie Eilish,2019-03-29,,,,,,
albums,F,1fQeo1pbB1hsUpfmHJPXpH,https://open.spotify.com/album/1fQeo1pbB1hsUpfmHJPXpH,Cinthya Garcia,2024-02-16,,,,,,
albums,Fine Line,7xV2TzoaVc0ycW7fwBwAml,https://open.spotify.com/album/7xV2TzoaVc0ycW7fwBwAml,Harry Styles,2019-12-13,,,,,,
albums,F,4WCfmdyTYOjIBD5wlz5ZZg,https://open.spotify.com/album/4WCfmdyTYOjIBD5wlz5ZZg,PUSHIM,2016-01-27,,,,,,
albums,Better Days (feat. John Mayer),12RIwZtk9opt1j4wL1PPSb,https://open.spotify.com/album/12RIwZtk9opt1j4wL1PPSb,Zach Bryan,2024-07-03,,,,,,
albums,F,0POukkLOOrARxKiIb7g9O6,https://open.spotify.com/album/0POukkLOOrARxKiIb7g9O6,Alejandro Filio,2005-03-01,,,,,,
albums,Memphis; The Blues (feat. John Moreland),21qCLQEFqNceLiBweHOLWT,https://open.spotify.com/album/21qCLQEFqNceLiBweHOLWT,Zach Bryan,2024-07-03,,,,,,
albums,F,497QXRCqxGf1Ms4ZDtPpm8,https://open.spotify.com/album/497QXRCqxGf1Ms4ZDtPpm8,Mangus,2021-01-25,,,,,,
albums,Death Race For Love (Bonus Track Version),1btu0SV2DOI5HoFsvUd78F,https://open.spotify.com/album/1btu0SV2DOI5HoFsvUd78F,Juice WRLD,2019-03-08,,,,,,
albums,F,1e1FPuvweI5ytDbfuZ3cCn,https://open.spotify.com/album/1e1FPuvweI5ytDbfuZ3cCn,Dagames,2020-03-22,,,,,,
albums,French Exit,4Hai0uVzRbyTSaTPzxTY4e,https://open.spotify.com/album/4Hai0uVzRbyTSaTPzxTY4e,TV Girl,2014-06-05,,,,,,
albums,F,2KouHlipmn4nuwzFOffrZo,https://open.spotify.com/album/2KouHlipmn4nuwzFOffrZo,Young Darhi,2020-05-31,,,,,,
albums,Stick Season (We'll All Be Here Forever),1pb3je8gXTs5dpRRTKhHRC,https://open.spotify.com/album/1pb3je8gXTs5dpRRTKhHRC,Noah Kahan,2023-06-09,,,,,,
albums,F,1D4yBkpqkcb16ifi8v4vKv,https://open.spotify.com/album/1D4yBkpqkcb16ifi8v4vKv,Bobicraft,2021-10-25,,,,,,
albums,My Beautiful Dark Twisted Fantasy,20r762YmB5HeofjMCiPMLv,https://open.spotify.com/album/20r762YmB5HeofjMCiPMLv,Kanye West,2010-11-22,,,,,,
albums,F,6W2rRMjq5A5dTYLUb4vcuh,https://open.spotify.com/album/6W2rRMjq5A5dTYLUb4vcuh,Fae August,2019-11-22,,,,,,
albums,Hot Fuss,4piJq7R3gjUOxnYs6lDCTg,https://open.spotify.com/album/4piJq7R3gjUOxnYs6lDCTg,The Killers,2004,,,,,,
albums,F,5VkxrOpPiIkpOlB3bUAsVi,https://open.spotify.com/album/5VkxrOpPiIkpOlB3bUAsVi,Descubriendo a Mr. Mime,2018-01-22,,,,,,
albums,Freudian,3xybjP7r2VsWzwvDQipdM0,https://open.spotify.com/album/3xybjP7r2VsWzwvDQipdM0,Daniel Caesar,2017-08-25,,,,,,
albums,F,31U0kMfGWXhQ77AARA8MBC,https://open.spotify.com/album/31U0kMfGWXhQ77AARA8MBC,Funky Kato,2020-04-01,,,,,,
albums,Fearless (Taylor's Version),4hDok0OAJd57SGIT8xuWJH,https://open.spotify.com/album/4hDok0OAJd57SGIT8xuWJH,Taylor Swift,2021-04-09,,,,,,
albums,F,528wlUIUzdrngSrfiWMBzc,https://open.spotify.com/album/528wlUIUzdrngSrfiWMBzc,Ncrypta,2022-04-25,,,,,,
albums,"Don't Forget About Me, Demos",05jbNkYoEQdjVDHEHtg1gY,https://open.spotify.com/album/05jbNkYoEQdjVDHEHtg1gY,Dominic Fike,2018-10-16,,,,,,
albums,F,6Mf1GjGX9x4nk2dYR18TeG,https://open.spotify.com/album/6Mf1GjGX9x4nk2dYR18TeG,Jon Troast,2016-06-01,,,,,,
albums,The Foundation,08XFx1OZMZnRCh0JrKTIgT,https://open.spotify.com/album/08XFx1OZMZnRCh0JrKTIgT,Zac Brown Band,2008-11-17,,,,,,
artists,FLO,0s4kXsjYeH0S1xRyVGN4NO,https://open.spotify.com/artist/0s4kXsjYeH0S1xRyVGN4NO,,,340660.0,,,,,
artists,Future,1RyvyyTE3xzB2ZywiAwp0i,https://open.spotify.com/artist/1RyvyyTE3xzB2ZywiAwp0i,,,17522904.0,,,,,
artists,Fuerza Regida,0ys2OFYzWYB5hRDLCsBqxt,https://open.spotify.com/artist/0ys2OFYzWYB5hRDLCsBqxt,,,9673139.0,,,,,
artists,Frank Ocean,2h93pZq0e7k5yf4dywlkpM,https://open.spotify.com/artist/2h93pZq0e7k5yf4dywlkpM,,,14347651.0,,,,,
artists,Travis Scott,0Y5tJX1MQlPlqiwlOH1tJY,https://open.spotify.com/artist/0Y5tJX1MQlPlqiwlOH1tJY,,,30438941.0,,,,,
artists,Feid,2LRoIwlKmHjgvigdNGBHNo,https://open.spotify.com/artist/2LRoIwlKmHjgvigdNGBHNo,,,12080953.0,,,,,
artists,FINNEAS,37M5pPGs6V1fchFJSgCguX,https://open.spotify.com/artist/37M5pPGs6V1fchFJSgCguX,,,1968018.0,,,,,
artists,Playboi Carti,699OTQXzgjhIYAHMy9RyPD,https://open.spotify.com/artist/699OTQXzgjhIYAHMy9RyPD,,,11064382.0,,,,,
artists,Brent Faiyaz,3tlXnStJ1fFhdScmQeLpuG,https://open.spotify.com/artist/3tlXnStJ1fFhdScmQeLpuG,,,6089256.0,,,,,
artists,FKJ,2FwDTncULUnmANIh7qKa5z,https://open.spotify.com/artist/2FwDTncULUnmANIh7qKa5z,,,1531460.0,,,,,
artists,Fleetwood Mac,08GQAI4eElDnROBrJRGE0X,https://open.spotify.com/artist/08GQAI4eElDnROBrJRGE0X,,,11622334.0,,,,,
artists,F,38wI9qgPMb7FoMu2IrzXht,https://open.spotify.com/artist/38wI9qgPMb7FoMu2IrzXht,,,5320.0,,,,,
artists,Grupo Frontera,6XkjpgcEsYab502Vr1bBeW,https://open.spotify.com/artist/6XkjpgcEsYab502Vr1bBeW,,,4174469.0,,,,,
artists,F,6fwTAMlG2bbo85U2RlPMs7,https://open.spotify.com/artist/6fwTAMlG2bbo85U2RlPMs7,,,161.0,,,,,
artists,Dominic Fike,6USv9qhCn6zfxlBQIYJ9qs,https://open.spotify.com/artist/6USv9qhCn6zfxlBQIYJ9qs,,,1766185.0,,,,,
artists,F,3OOmAAoIrTUMRtEKNJYWBv,https://open.spotify.com/artist/3OOmAAoIrTUMRtEKNJYWBv,,,22.0,,,,,
artists,Fall Out Boy,4UXqAaa6dQYAk18Lv7PEgX,https://open.spotify.com/artist/4UXqAaa6dQYAk18Lv7PEgX,,,10683946.0,,,,,
artists,F,5ai8F99RWlxCALrG6KwBy8,https://open.spotify.com/artist/5ai8F99RWlxCALrG6KwBy8,,,11.0,,,,,
artists,Beyonc√©,6vWDO969PvNqNYHIOW5v0m,https://open.spotify.com/artist/6vWDO969PvNqNYHIOW5v0m,,,38079989.0,,,,,
artists,F,56VCvelnEObHhcoXE0tZkj,https://open.spotify.com/artist/56VCvelnEObHhcoXE0tZkj,,,96.0,,,,,
artists,Solfeggio Healing Frequencies MT,5R9eOlQf7HGzD6srMeJKio,https://open.spotify.com/artist/5R9eOlQf7HGzD6srMeJKio,,,87737.0,,,,,
artists,F,3HNvvo0br4xVAtkS9AdRNN,https://open.spotify.com/artist/3HNvvo0br4xVAtkS9AdRNN,,,1803.0,,,,,
artists,Florida Georgia Line,3b8QkneNDz4JHKKKlLgYZg,https://open.spotify.com/artist/3b8QkneNDz4JHKKKlLgYZg,,,5409020.0,,,,,
artists,F,0atDZqhz6a2NfGcG016tif,https://open.spotify.com/artist/0atDZqhz6a2NfGcG016tif,,,117.0,,,,,
artists,Foo Fighters,7jy3rLJdDQY21OgRLCZ9sD,https://open.spotify.com/artist/7jy3rLJdDQY21OgRLCZ9sD,,,11805392.0,,,,,
artists,F,1x7gKTD3WGiwgjb7zC5nS6,https://open.spotify.com/artist/1x7gKTD3WGiwgjb7zC5nS6,,,27.0,,,,,
artists,Grupo Firme,1dKdetem2xEmjgvyymzytS,https://open.spotify.com/artist/1dKdetem2xEmjgvyymzytS,,,12792760.0,,,,,
artists,F,0gHzeKEUcrz9uOzIMGwW1I,https://open.spotify.com/artist/0gHzeKEUcrz9uOzIMGwW1I,,,6.0,,,,,
artists,Flo Rida,0jnsk9HBra6NMjO2oANoPY,https://open.spotify.com/artist/0jnsk9HBra6NMjO2oANoPY,,,8543668.0,,,,,
artists,F,3h4IQF7qblzEkIcEfVhoKb,https://open.spotify.com/artist/3h4IQF7qblzEkIcEfVhoKb,,,101.0,,,,,
artists,Farruko,329e4yvIujISKGKz1BZZbO,https://open.spotify.com/artist/329e4yvIujISKGKz1BZZbO,,,15787309.0,,,,,
artists,F,7GAuFYwc4ORSCd1qD3szlI,https://open.spotify.com/artist/7GAuFYwc4ORSCd1qD3szlI,,,14.0,,,,,
artists,Florence + The Machine,1moxjboGR7GNWYIMWsRjgG,https://open.spotify.com/artist/1moxjboGR7GNWYIMWsRjgG,,,6729030.0,,,,,
artists,F,5hjIlNthp6glNf84ErXIRH,https://open.spotify.com/artist/5hjIlNthp6glNf84ErXIRH,,,36.0,,,,,
artists,Pink Floyd,0k17h0D3J5VfsdmQ1iZtE9,https://open.spotify.com/artist/0k17h0D3J5VfsdmQ1iZtE9,,,20439561.0,,,,,
artists,F,19W9LenQzH0DHrNbeoJJpE,https://open.spotify.com/artist/19W9LenQzH0DHrNbeoJJpE,,,4.0,,,,,
artists,FloyyMenor,7CvTknweLr9feJtRGrpDBy,https://open.spotify.com/artist/7CvTknweLr9feJtRGrpDBy,,,473631.0,,,,,
artists,F,3AprsgsKbZ6gI727fBlNtM,https://open.spotify.com/artist/3AprsgsKbZ6gI727fBlNtM,,,25.0,,,,,
artists,Frank Sinatra,1Mxqyy3pSjf8kZZL4QVxS0,https://open.spotify.com/artist/1Mxqyy3pSjf8kZZL4QVxS0,,,7231687.0,,,,,
artists,F,1jjsEd1dl5HiJzXNlErcsj,https://open.spotify.com/artist/1jjsEd1dl5HiJzXNlErcsj,,,2.0,,,,,
artists,Falling In Reverse,2CmaKO2zEGJ1NWpS1yfVGz,https://open.spotify.com/artist/2CmaKO2zEGJ1NWpS1yfVGz,,,3254255.0,,,,,
artists,F,2V0Dk9BM8vmQuSrOXa6h5a,https://open.spotify.com/artist/2V0Dk9BM8vmQuSrOXa6h5a,,,18.0,,,,,
artists,Five Finger Death Punch,5t28BP42x2axFnqOOMg3CM,https://open.spotify.com/artist/5t28BP42x2axFnqOOMg3CM,,,6383134.0,,,,,
artists,F,6UwCn20wLcWsem2KNOGFel,https://open.spotify.com/artist/6UwCn20wLcWsem2KNOGFel,,,4.0,,,,,
artists,Fred again..,4oLeXFyACqeem2VImYeBFe,https://open.spotify.com/artist/4oLeXFyACqeem2VImYeBFe,,,1532701.0,,,,,
artists,F,1y6pVHEFTt464bksHGO18y,https://open.spotify.com/artist/1y6pVHEFTt464bksHGO18y,,,3.0,,,,,
artists,Flo Milli,08PvCOlef4xdOr20jFSTPd,https://open.spotify.com/artist/08PvCOlef4xdOr20jFSTPd,,,1151607.0,,,,,
artists,F,4ee0PyNbRM5nPcY9YlZEmd,https://open.spotify.com/artist/4ee0PyNbRM5nPcY9YlZEmd,,,2.0,,,,,
artists,Stick Figure,5SXEylV07TC57eanSxxg4R,https://open.spotify.com/artist/5SXEylV07TC57eanSxxg4R,,,695917.0,,,,,
artists,F,7j8u5kbhWCWCT7e9GgJvkF,https://open.spotify.com/artist/7j8u5kbhWCWCT7e9GgJvkF,,,4.0,,,,,
tracks,FE!N (feat. Playboi Carti),42VsgItocQwOQC3XWZ8JNA,https://open.spotify.com/track/42VsgItocQwOQC3XWZ8JNA,Travis Scott,,,UTOPIA,,,,
tracks,LUNA,7bywjHOc0wSjGGbj04XbVi,https://open.spotify.com/track/7bywjHOc0wSjGGbj04XbVi,Feid,,,FERXXOCALIPSIS,,,,
tracks,FE!N (feat. Playboi Carti),3KEMjT3QVfKIl4E9DIcrmF,https://open.spotify.com/track/3KEMjT3QVfKIl4E9DIcrmF,Travis Scott,,,UTOPIA,,,,
tracks,BIRDS OF A FEATHER,6dOtVTDdiauQNBQEDOtlAB,https://open.spotify.com/track/6dOtVTDdiauQNBQEDOtlAB,Billie Eilish,,,HIT ME HARD AND SOFT,,,,
tracks,F.N,0RLLvYBopDwooCyvnTwgYu,https://open.spotify.com/track/0RLLvYBopDwooCyvnTwgYu,Lil Tjay,,,True 2 Myself,,,,
tracks,Gata Only,6XjDF6nds4DE2BBbagZol6,https://open.spotify.com/track/6XjDF6nds4DE2BBbagZol6,FloyyMenor,,,Gata Only,,,,
tracks,F.Y.B.F - GOODIES REMIX,5jxKwvCzOxhctiYXgUmjcn,https://open.spotify.com/track/5jxKwvCzOxhctiYXgUmjcn,MC BXB,,,MC NATION,,,,
tracks,FTCU,1a73gcEg6h6Re6hHXoVltJ,https://open.spotify.com/track/1a73gcEg6h6Re6hHXoVltJ,Nicki Minaj,,,Pink Friday 2,,,,
tracks,Feather,2Zo1PcszsT9WQ0ANntJbID,https://open.spotify.com/track/2Zo1PcszsT9WQ0ANntJbID,Sabrina Carpenter,,,emails i can‚Äôt send fwd:,,,,
tracks,F*CK,6e1e9WGpijrsGEDafrqmBL,https://open.spotify.com/track/6e1e9WGpijrsGEDafrqmBL,Los Gemelos De Sinaloa,,,F*CK,,,,
tracks,Flowers,7DSAEUvxU8FajXtRloy8M0,https://open.spotify.com/track/7DSAEUvxU8FajXtRloy8M0,Miley Cyrus,,,Endless Summer Vacation,,,,
tracks,F.N.F. (Let's Go),1vrFJDrysqmsNAgyjBzx4f,https://open.spotify.com/track/1vrFJDrysqmsNAgyjBzx4f,Hitkidd,,,F.N.F. (Let's Go),,,,
tracks,Like That,2tudvzsrR56uom6smgOcSf,https://open.spotify.com/track/2tudvzsrR56uom6smgOcSf,Future,,,WE DON'T TRUST YOU,,,,
tracks,F2F,2e2AXpIiJpet5b4qg85Gh6,https://open.spotify.com/track/2e2AXpIiJpet5b4qg85Gh6,SZA,,,SOS,,,,
tracks,SORRY 4 THAT MUCH,63pLfjK6FvcYJYMGwtHjd6,https://open.spotify.com/track/63pLfjK6FvcYJYMGwtHjd6,Feid,,,SORRY 4 THAT MUCH,,,,
tracks,FŒõSHION,70jiETKdlLEram2zJSHdHH,https://open.spotify.com/track/70jiETKdlLEram2zJSHdHH,Britney Manson,,,FŒõSHION,,,,
tracks,FRI(END)S,0PBTlQ84CBJF0tBnKGmQa6,https://open.spotify.com/track/0PBTlQ84CBJF0tBnKGmQa6,V,,,FRI(END)S,,,,
tracks,"FTCU (feat. Travis Scott, Chris Brown & Sexyy Red) - SLEEZEMIX",2oTFuT1tKLHlTJsnBSJJiN,https://open.spotify.com/track/2oTFuT1tKLHlTJsnBSJJiN,Nicki Minaj,,,FTCU (SLEEZEMIX),,,,
tracks,Type Shit,28drn6tQo95MRvO0jQEo5C,https://open.spotify.com/track/28drn6tQo95MRvO0jQEo5C,Future,,,WE DON'T TRUST YOU,,,,
tracks,Faster n Harder,3qaMprRWLGggArD14diXYz,https://open.spotify.com/track/3qaMprRWLGggArD14diXYz,6arelyhuman,,,Faster n Harder,,,,
tracks,Like Crazy,3Ua0m0YmEjrMi9XErKcNiR,https://open.spotify.com/track/3Ua0m0YmEjrMi9XErKcNiR,Jimin,,,FACE,,,,
tracks,FACK,0fMWtRhzOoWoCo7dRHVEEa,https://open.spotify.com/track/0fMWtRhzOoWoCo7dRHVEEa,Eminem,,,Curtain Call: The Hits (Deluxe Edition),,,,
tracks,favorite,3QJsSWa0Xo8MfaRn1gr4Be,https://open.spotify.com/track/3QJsSWa0Xo8MfaRn1gr4Be,Isabel LaRosa,,,favorite,,,,
tracks,FRIENDS,08bNPGLD8AhKpnnERrAc6G,https://open.spotify.com/track/08bNPGLD8AhKpnnERrAc6G,Marshmello,,,FRIENDS,,,,
tracks,Feliz Cumplea√±os Ferxxo,2CeKVsFFXG4QzA415QygGb,https://open.spotify.com/track/2CeKVsFFXG4QzA415QygGb,Feid,,,FELIZ CUMPLEA√ëOS FERXXO TE PIRATEAMOS EL √ÅLBUM,,,,
tracks,FWU,0kd5HwOvSdUsdVQMkEYZk6,https://open.spotify.com/track/0kd5HwOvSdUsdVQMkEYZk6,PARTYNEXTDOOR,,,PARTYNEXTDOOR TWO,,,,
tracks,Freaks,7EkWXAI1wn8Ii883ecd9xr,https://open.spotify.com/track/7EkWXAI1wn8Ii883ecd9xr,Surf Curse,,,Freaks,,,,
tracks,FVN!,6MNwXWX1d2k8ARllRJ5Ezt,https://open.spotify.com/track/6MNwXWX1d2k8ARllRJ5Ezt,LVL1,,,FVN!,,,,
tracks,LA FALDA,7iUtQNMRB8ZkKC4AmEuCJC,https://open.spotify.com/track/7iUtQNMRB8ZkKC4AmEuCJC,Myke Towers,,,LVEU: VIVE LA TUYA...NO LA MIA,,,,
tracks,FUNKED UP - SLOWED,4VL5XwfATZuAVTW471Wpro,https://open.spotify.com/track/4VL5XwfATZuAVTW471Wpro,xxanteria,,,FUNKED UP,,,,
tracks,Fall Back,1aHy1ipWQRNauI0ee9uYfi,https://open.spotify.com/track/1aHy1ipWQRNauI0ee9uYfi,Lithe,,,Fall Back / Selfish Game,,,,
tracks,Five Nights at Freddy's,2ItNKt19iqefEe590Z9GeE,https://open.spotify.com/track/2ItNKt19iqefEe590Z9GeE,The Living Tombstone,,,Five Nights at Freddy's,,,,
tracks,Brickell,0rNqDh9zWWJVTLS4VfceHP,https://open.spotify.com/track/0rNqDh9zWWJVTLS4VfceHP,Feid,,,MANIFESTING 20-05,,,,
tracks,F*CK,3UTNyW14rwM6rJHjliuJSP,https://open.spotify.com/track/3UTNyW14rwM6rJHjliuJSP,Los Gemelos De Sinaloa,,,EXCENTRICON,,,,
tracks,Feel It - From The Original Series ‚ÄúInvincible‚Äù,3SAga35lAPYdjj3qyfEsCF,https://open.spotify.com/track/3SAga35lAPYdjj3qyfEsCF,d4vd,,,Feel It (From The Original Series ‚ÄúInvincible‚Äù),,,,
tracks,fukumean,4rXLjWdF2ZZpXCVTfWcshS,https://open.spotify.com/track/4rXLjWdF2ZZpXCVTfWcshS,Gunna,,,a Gift & a Curse,,,,
tracks,FM$,73ntBJ9o49skR3S6WaZFk1,https://open.spotify.com/track/73ntBJ9o49skR3S6WaZFk1,New Boyz,,,FM$,,,,
tracks,WAIT FOR U (feat. Drake & Tems),59nOXPmaKlBfGMDeOVGrIK,https://open.spotify.com/track/59nOXPmaKlBfGMDeOVGrIK,Future,,,I NEVER LIKED YOU,,,,
tracks,FREE! - Live,6TK9UE4eODGbyimh0qEYoq,https://open.spotify.com/track/6TK9UE4eODGbyimh0qEYoq,SEU Worship,,,FREE! (Live),,,,
tracks,Fast Car,1Lo0QY9cvc8sUB2vnIOxDT,https://open.spotify.com/track/1Lo0QY9cvc8sUB2vnIOxDT,Luke Combs,,,Gettin' Old,,,,
tracks,FRIENDS,3usbnvDFtOhY09cRNar8Zg,https://open.spotify.com/track/3usbnvDFtOhY09cRNar8Zg,LAUNDRY DAY,,,HOMESICK,,,,
tracks,CLASSY 101,1hZsWUnLbqRw09jLAMQSsb,https://open.spotify.com/track/1hZsWUnLbqRw09jLAMQSsb,Feid,,,FERXXOCALIPSIS,,,,
tracks,FM,3RukkjZL3v4m9cPVshEcHR,https://open.spotify.com/track/3RukkjZL3v4m9cPVshEcHR,Divorce Culture,,,FM,,,,
tracks,See You Again (feat. Kali Uchis),7KA4W4McWYRpgf0fWsJZWB,https://open.spotify.com/track/7KA4W4McWYRpgf0fWsJZWB,"Tyler, The Creator",,,Flower Boy,,,,
tracks,FDVP,0rEFT5a7hFbO6xl9essItt,https://open.spotify.com/track/0rEFT5a7hFbO6xl9essItt,Fuerza Regida,,,Pa las Baby's Y Belikeada,,,,
tracks,BAND4BAND (feat. Lil Baby),7iabz12vAuVQYyekFIWJxD,https://open.spotify.com/track/7iabz12vAuVQYyekFIWJxD,Central Cee,,,BAND4BAND (feat. Lil Baby),,,,
tracks,FAFO,76byB3pOWAII8p4KybeZQL,https://open.spotify.com/track/76byB3pOWAII8p4KybeZQL,Bryan Martin,,,FAFO,,,,
tracks,I Had Some Help (Feat. Morgan Wallen),7221xIgOnuakPdLqT0F3nP,https://open.spotify.com/track/7221xIgOnuakPdLqT0F3nP,Post Malone,,,I Had Some Help,,,,
tracks,F.N.F (Let's Go) - Remix,59DRBDlssFvtWDHsYwCa6q,https://open.spotify.com/track/59DRBDlssFvtWDHsYwCa6q,Hitkidd,,,F.N.F. (Let's Go) [Remix],,,,
tracks,Volver Al Futuro,33Nj9AdncSmHbCN3QeSZTL,https://open.spotify.com/track/33Nj9AdncSmHbCN3QeSZTL,Oscar Maydon,,,Volver Al Futuro,,,,
playlists,FP‚Äôs Darts Only,5FVw67nOotfChduQ43KNwH,https://open.spotify.com/playlist/5FVw67nOotfChduQ43KNwH,,,,,Fat Perez,,,
playlists,New Music Friday,37i9dQZF1DX4JAvHpjipBk,https://open.spotify.com/playlist/37i9dQZF1DX4JAvHpjipBk,,,,,Spotify,,,
playlists,FUNK ESTRANHO - ALXIKE VIRAL,4WDx8GQVfJL1sV3fEYUQwZ,https://open.spotify.com/playlist/4WDx8GQVfJL1sV3fEYUQwZ,,,,,Lunar Media,,,
playlists,4th of July Playlistüá∫üá∏2024,6S8oW3HuaPDdWRtS7VkdHR,https://open.spotify.com/playlist/6S8oW3HuaPDdWRtS7VkdHR,,,,,Holiday Vibes,,,
playlists,4th of July Party,37i9dQZF1DX4nYqGKSH0ld,https://open.spotify.com/playlist/37i9dQZF1DX4nYqGKSH0ld,,,,,Spotify,,,
playlists,Viva Latino,37i9dQZF1DX10zKzsJ2jva,https://open.spotify.com/playlist/37i9dQZF1DX10zKzsJ2jva,,,,,Spotify,,,
playlists,FNAF Songs! üêª‚ú® (all songs),4ZkUSDkgF9WRxYK6xv8zpJ,https://open.spotify.com/playlist/4ZkUSDkgF9WRxYK6xv8zpJ,,,,,SilentArii,,,
playlists,Disney Hits,37i9dQZF1DX8C9xQcOrE6T,https://open.spotify.com/playlist/37i9dQZF1DX8C9xQcOrE6T,,,,,Spotify,,,
playlists,Five Nights at Freddy's Official Playlist,37i9dQZF1DX9ES6W0ExTX9,https://open.spotify.com/playlist/37i9dQZF1DX9ES6W0ExTX9,,,,,Spotify,,,
playlists,Folk & Acoustic Mix,37i9dQZF1EQp62d3Dl7ECY,https://open.spotify.com/playlist/37i9dQZF1EQp62d3Dl7ECY,,,,,Spotify,,,
playlists,F4F audios,5GHfrP5D6pYj4khQc0KLuS,https://open.spotify.com/playlist/5GHfrP5D6pYj4khQc0KLuS,,,,,Ezekiel<3 (im a girl),,,
playlists,Thunderstorm Sounds - 10 Hours for Sleeping,6wx6zQaEaQ7pWj7e0CIM3S,https://open.spotify.com/playlist/6wx6zQaEaQ7pWj7e0CIM3S,,,,,Edy Boman,,,
playlists,FNAF PLAYLIST BC I MISS MY CHILDHOOD,1sY3KrarXQpVwzhkorD1SO,https://open.spotify.com/playlist/1sY3KrarXQpVwzhkorD1SO,,,,,STRƒÇIN FAN,,,
playlists,Peaceful Piano,37i9dQZF1DX4sWSpwq3LiO,https://open.spotify.com/playlist/37i9dQZF1DX4sWSpwq3LiO,,,,,Spotify,,,
playlists,F4M-(NsFw)üßÅ,1yPX9brQc3WTZvwmRXfKJP,https://open.spotify.com/playlist/1yPX9brQc3WTZvwmRXfKJP,,,,,Jay|daddy,,,
playlists,Hype Workout Mix,37i9dQZF1EIgzSCNweQzPQ,https://open.spotify.com/playlist/37i9dQZF1EIgzSCNweQzPQ,,,,,Spotify,,,
playlists,Fortnite Songs,6kNqKmXufD6QRdA2MgSHy6,https://open.spotify.com/playlist/6kNqKmXufD6QRdA2MgSHy6,,,,,Music Spot,,,
playlists,Deep Sleep,37i9dQZF1DWYcDQ1hSjOpY,https://open.spotify.com/playlist/37i9dQZF1DWYcDQ1hSjOpY,,,,,Spotify,,,
playlists,F.Y.B.F - GOODIES REMIX,5ZINkfJNuqm8HMeNjwnJO0,https://open.spotify.com/playlist/5ZINkfJNuqm8HMeNjwnJO0,,,,,Mandy Longoria,,,
playlists,F.Y.B.F - GOODIES REMIX,3yiX5xVF9n6Abpq2Ld3hTI,https://open.spotify.com/playlist/3yiX5xVF9n6Abpq2Ld3hTI,,,,,badthing2005,,,
playlists,Feelin' Myself,37i9dQZF1DX6GwdWRQMQpq,https://open.spotify.com/playlist/37i9dQZF1DX6GwdWRQMQpq,,,,,Spotify,,,
playlists,Lil Tjay FN,3UDDNPpHghNYG3phu1i4au,https://open.spotify.com/playlist/3UDDNPpHghNYG3phu1i4au,,,,,Belasco23,,,
playlists,Peaceful Meditation,37i9dQZF1DWZqd5JICZI0u,https://open.spotify.com/playlist/37i9dQZF1DWZqd5JICZI0u,,,,,Spotify,,,
playlists,"FNF All Songs! (Added Vs Void 2.0, Sonic.EXE 2.5/3.0!)",19UmOgq5E4nWDp0AvkfWul,https://open.spotify.com/playlist/19UmOgq5E4nWDp0AvkfWul,,,,,Mystical,,,
playlists,Brown Noise,37i9dQZF1DX4hpot8sYudB,https://open.spotify.com/playlist/37i9dQZF1DX4hpot8sYudB,,,,,Spotify,,,
playlists,Jazz in the Background,37i9dQZF1DWV7EzJMK2FUI,https://open.spotify.com/playlist/37i9dQZF1DWV7EzJMK2FUI,,,,,Spotify,,,
playlists,lofi beats,37i9dQZF1DWWQRwui0ExPn,https://open.spotify.com/playlist/37i9dQZF1DWWQRwui0ExPn,,,,,Spotify,,,
playlists,Fuerza Regida Mix,37i9dQZF1EIYnCz0KRbdlN,https://open.spotify.com/playlist/37i9dQZF1EIYnCz0KRbdlN,,,,,Spotify,,,
playlists,Lofi Girl - beats to relax/study to,0vvXsWCC9xrXsKd4FyS8kM,https://open.spotify.com/playlist/0vvXsWCC9xrXsKd4FyS8kM,,,,,Lofi Girl,,,
playlists,Locked In,37i9dQZF1DWTl4y3vgJOXW,https://open.spotify.com/playlist/37i9dQZF1DWTl4y3vgJOXW,,,,,Spotify,,,
playlists,80s HITS | TOP 100 SONGS ,19PgP2QSGPcm6Ve8VhbtpG,https://open.spotify.com/playlist/19PgP2QSGPcm6Ve8VhbtpG,,,,,Filtr US,,,
playlists,Lullabies for Baby Sleep 2024 üí§ üß∏üò¥,6XMhvUe2OfARE6iEjhx96k,https://open.spotify.com/playlist/6XMhvUe2OfARE6iEjhx96k,,,,,Little Rainbow,,,
playlists,Feel Good Happy Mix,37i9dQZF1EIgG2NEOhqsD7,https://open.spotify.com/playlist/37i9dQZF1EIgG2NEOhqsD7,,,,,Spotify,,,
playlists,Fleetwood Mac Radio,37i9dQZF1E4tZxYcBZfDn9,https://open.spotify.com/playlist/37i9dQZF1E4tZxYcBZfDn9,,,,,Spotify,,,
playlists,Feel Good Morning Mix,37i9dQZF1EIhxsZ1zwdwMW,https://open.spotify.com/playlist/37i9dQZF1EIhxsZ1zwdwMW,,,,,Spotify,,,
playlists,Best 4th of July Country Songs,4enhlEy442DLX4w33tfFmY,https://open.spotify.com/playlist/4enhlEy442DLX4w33tfFmY,,,,,nicolebooz,,,
playlists,Sunny Day,37i9dQZF1DX1BzILRveYHb,https://open.spotify.com/playlist/37i9dQZF1DX1BzILRveYHb,,,,,Spotify,,,
playlists,Sweet Lullabies,37i9dQZF1DX8skPjZYk8mL,https://open.spotify.com/playlist/37i9dQZF1DX8skPjZYk8mL,,,,,Spotify,,,
playlists,Feel Good Summer,37i9dQZF1DX9fZ7amiNVu6,https://open.spotify.com/playlist/37i9dQZF1DX9fZ7amiNVu6,,,,,Spotify,,,
playlists,Classic Rock Mix,37i9dQZF1EIcVkEtbzdTRx,https://open.spotify.com/playlist/37i9dQZF1EIcVkEtbzdTRx,,,,,Spotify,,,
playlists,Summer House 2024,37i9dQZF1DX05r4Oy3Ln97,https://open.spotify.com/playlist/37i9dQZF1DX05r4Oy3Ln97,,,,,Spotify,,,
playlists,I Love My '90s Hip-Hop,37i9dQZF1DX186v583rmzp,https://open.spotify.com/playlist/37i9dQZF1DX186v583rmzp,,,,,Spotify,,,
playlists,Fourth of July üá∫üá∏ / Country!!,3ArtbtnSjpnp5Wz2mYFyr1,https://open.spotify.com/playlist/3ArtbtnSjpnp5Wz2mYFyr1,,,,,Morgan Noel Pflueger,,,
playlists,90s HITS | TOP 100 SONGS,3C64V048fGyQfCjmu9TIGA,https://open.spotify.com/playlist/3C64V048fGyQfCjmu9TIGA,,,,,Filtr US,,,
playlists,I Love My '90s R&B,37i9dQZF1DX6VDO8a6cQME,https://open.spotify.com/playlist/37i9dQZF1DX6VDO8a6cQME,,,,,Spotify,,,
playlists,Baila Reggaeton,37i9dQZF1DWY7IeIP1cdjF,https://open.spotify.com/playlist/37i9dQZF1DWY7IeIP1cdjF,,,,,Spotify,,,
playlists,Country Cookout,37i9dQZF1DXbIbVYph0Zr5,https://open.spotify.com/playlist/37i9dQZF1DXbIbVYph0Zr5,,,,,Spotify,,,
playlists,80s Classic Rock Mix,37i9dQZF1EIelF7Dvo3Edn,https://open.spotify.com/playlist/37i9dQZF1EIelF7Dvo3Edn,,,,,Spotify,,,
shows,FGTeeV,1TKh4glkCQC1VUJSLEmy1Z,https://open.spotify.com/show/1TKh4glkCQC1VUJSLEmy1Z,,,,,,FGTeeV,,
shows,Fantasy Footballers - Fantasy Football Podcast,5RaNsb5sKEBleahQa4MVC5,https://open.spotify.com/show/5RaNsb5sKEBleahQa4MVC5,,,,,,Fantasy Football,,
shows,FÂßêÈÖíË´á,5V5XYOT2zTY4QJSX3LcR4G,https://open.spotify.com/show/5V5XYOT2zTY4QJSX3LcR4G,,,,,,FÂßê,,
shows,12 Hour Sound Machines for Sleep (no loops or fades),7rb8eiXKJpg8gjmiY4yDAN,https://open.spotify.com/show/7rb8eiXKJpg8gjmiY4yDAN,,,,,,"12 Hour Sound Machines for Sleep | Achieve Restful Sleep, Soothe a Baby, Mask Unwanted Noise, Calm Your Anxiety",,
shows,F,0FdRWPLgbXNoEEfX8MFc5T,https://open.spotify.com/show/0FdRWPLgbXNoEEfX8MFc5T,,,,,,Williams Hern√°ndez,,
shows,"All-In with Chamath, Jason, Sacks & Friedberg",2IqXAVFR4e0Bmyjsdc8QzF,https://open.spotify.com/show/2IqXAVFR4e0Bmyjsdc8QzF,,,,,,"All-In Podcast, LLC",,
shows,F .,0uLe3s0z2znarhquRVw62X,https://open.spotify.com/show/0uLe3s0z2znarhquRVw62X,,,,,,Michael Russell,,
shows,Motley Fool Money,7tXRc97C1fA0epHAGQuJOE,https://open.spotify.com/show/7tXRc97C1fA0epHAGQuJOE,,,,,,The Motley Fool,,
shows,F#,2CKlhlMAc8I6kiu5L6zVEr,https://open.spotify.com/show/2CKlhlMAc8I6kiu5L6zVEr,,,,,,Transistor M√©dia,,
shows,The Why Files: Operation Podcast,2hm3NRGFO5rRVDEhA0stZI,https://open.spotify.com/show/2hm3NRGFO5rRVDEhA0stZI,,,,,,The Why Files: Operation Podcast,,
shows,F,6xxvftq8U9u7145WmyNUhw,https://open.spotify.com/show/6xxvftq8U9u7145WmyNUhw,,,,,,Noah Powell,,
shows,REAL AF with Andy Frisella,6KHwEnVRZmS9tmxkyfqUMD,https://open.spotify.com/show/6KHwEnVRZmS9tmxkyfqUMD,,,,,,Andy Frisella,,
shows,F„Éû„Éã„Ç¢ -Êó•„Éè„É†„Çí‰∏≠ÂøÉ„Å´„ÄÅÈáéÁêÉ„ÇíË™û„Çã-,50NTeafzuVbEYSPxjlRzFH,https://open.spotify.com/show/50NTeafzuVbEYSPxjlRzFH,,,,,,F„Éû„Éã„Ç¢ ,,
shows,Lex Fridman Podcast,2MAi0BvDc6GTFvKFPXnkCL,https://open.spotify.com/show/2MAi0BvDc6GTFvKFPXnkCL,,,,,,Lex Fridman,,
shows,The Adam Friedland Show Podcast,5MfQNeGILinrJFkf2UHLVK,https://open.spotify.com/show/5MfQNeGILinrJFkf2UHLVK,,,,,,The Adam Friedland Show,,
shows,2F Mixes,381LDFZwKUYLMsWDUQaPNT,https://open.spotify.com/show/381LDFZwKUYLMsWDUQaPNT,,,,,,2F Mixes,,
shows,Up First,2mTUnDkuKUkhiueKcVWoP0,https://open.spotify.com/show/2mTUnDkuKUkhiueKcVWoP0,,,,,,NPR,,
shows,The Bible in a Year (with Fr. Mike Schmitz),4Pppt42NPK2XzKwNIoW7BR,https://open.spotify.com/show/4Pppt42NPK2XzKwNIoW7BR,,,,,,Ascension,,
shows,Go! My Favorite Sports Team,4Hn3qhWe5NqnhLFKytyfFW,https://open.spotify.com/show/4Hn3qhWe5NqnhLFKytyfFW,,,,,,Go! My Favorite Sports Team,,
shows,Andrew Schulz's Flagrant with Akaash Singh,0VjIStA3iUPJCqtiTSRhVY,https://open.spotify.com/show/0VjIStA3iUPJCqtiTSRhVY,,,,,,Andrew Schulz's Flagrant with Akaash Singh,,
shows,FT News Briefing,1410RabA4XOqO6IV8p0gYF,https://open.spotify.com/show/1410RabA4XOqO6IV8p0gYF,,,,,,Financial Times,,
shows,My Favorite Murder with Karen Kilgariff and Georgia Hardstark,0U9S5J2ltMaKdxIfLuEjzE,https://open.spotify.com/show/0U9S5J2ltMaKdxIfLuEjzE,,,,,,Exactly Right Media ‚Äì the original true crime comedy network,,
shows,Bad Friends,3gaGfrqgnVqUBNDdtv5p3S,https://open.spotify.com/show/3gaGfrqgnVqUBNDdtv5p3S,,,,,,Andrew Santino and Bobby Lee,,
shows,Fore Play,0F7S8Jv6RsQXm5QrD4aZUX,https://open.spotify.com/show/0F7S8Jv6RsQXm5QrD4aZUX,,,,,,Barstool Sports,,
shows,First Things First,4ud0Bx3VwtUxrVHTfV5Og7,https://open.spotify.com/show/4ud0Bx3VwtUxrVHTfV5Og7,,,,,,Fox Sports,,
shows,Two Friends BB Mixes,2O2tukhyPYiNFJH3WVLwwM,https://open.spotify.com/show/2O2tukhyPYiNFJH3WVLwwM,,,,,,Two Friends BB Mixes,,
shows,Conan O‚ÄôBrien Needs A Friend,3u26tlz7A3WyWRtXliX9a9,https://open.spotify.com/show/3u26tlz7A3WyWRtXliX9a9,,,,,,Team Coco & Earwolf,,
shows,Freakonomics Radio,6z4NLXyHPga1UmSJsPK7G1,https://open.spotify.com/show/6z4NLXyHPga1UmSJsPK7G1,,,,,,Freakonomics Radio + Stitcher,,
shows,Greeking Out from National Geographic Kids,7bGBGiQUxPdNiQqyb0AKM7,https://open.spotify.com/show/7bGBGiQUxPdNiQqyb0AKM7,,,,,,National Geographic Kids,,
shows,Mind Pump: Raw Fitness Truth,4D3JFAh4ebj9lks9WOE2Vs,https://open.spotify.com/show/4D3JFAh4ebj9lks9WOE2Vs,,,,,,"Sal Di Stefano, Adam Schafer, Justin Andrews, Doug Egge",,
shows,LOL Storytime - Stories for Kids,23eOWQYZyyzMnYzX5hCIZb,https://open.spotify.com/show/23eOWQYZyyzMnYzX5hCIZb,,,,,,Funny Stories for Kids,,
shows,Knowledge Fight,6hK78c5u6Bscdz0HCDeFLn,https://open.spotify.com/show/6hK78c5u6Bscdz0HCDeFLn,,,,,,Knowledge Fight,,
shows,Funny Tiktoks,0C1nho6RQVhKjhigouLXE6,https://open.spotify.com/show/0C1nho6RQVhKjhigouLXE6,,,,,,Funny Tiktoks,,
shows,Snoop and Sniffy: Dog Detective Stories for Kids,22zVqRPkE26eN7XqNZxrFD,https://open.spotify.com/show/22zVqRPkE26eN7XqNZxrFD,,,,,,GoKidGo: Great Stories for Kids,,
shows,Sheriff Labrador: Deeper Mysteries Chase‰∏®Detective Stories‰∏®Safety Tips for Kids,7dvi1dgOubY2LrGI5ENpDW,https://open.spotify.com/show/7dvi1dgOubY2LrGI5ENpDW,,,,,,BabyBus,,
shows,Sleep Tight Stories - Bedtime Stories for Kids,4qTKNvHoZ9ciFGQpeNGfiU,https://open.spotify.com/show/4qTKNvHoZ9ciFGQpeNGfiU,,,,,,Sleep Tight Media,,
shows,Franco Escamilla Canal Oficial,61ALehw2tPTvPtycY6hFWl,https://open.spotify.com/show/61ALehw2tPTvPtycY6hFWl,,,,,,Sonoro | Franco Escamilla,,
shows,Fresh Air,0HF5T1BVjaUR6dMlAamdB5,https://open.spotify.com/show/0HF5T1BVjaUR6dMlAamdB5,,,,,,NPR,,
shows,Forensic Files,4g0v7uxRvHsHkJ6qhdKvLC,https://open.spotify.com/show/4g0v7uxRvHsHkJ6qhdKvLC,,,,,,HLN,,
shows,Club Libertad Financiera,4LYnAnVOrJg8uRNQkb5Vta,https://open.spotify.com/show/4LYnAnVOrJg8uRNQkb5Vta,,,,,,Libertad Financiera,,
shows,The Viall Files,0y8fYhmjVb6fLw1Ogl7ugq,https://open.spotify.com/show/0y8fYhmjVb6fLw1Ogl7ugq,,,,,,Nick Viall,,
shows,Dave & Chuck the Freak: Full Show,3N7SfNVU5PcdCvcBf4KMeD,https://open.spotify.com/show/3N7SfNVU5PcdCvcBf4KMeD,,,,,,Dave & Chuck the Freak,,
shows,Elevation with Steven Furtick,6nLlNUMm4VuZE1ln9oOJvy,https://open.spotify.com/show/6nLlNUMm4VuZE1ln9oOJvy,,,,,,iHeartPodcasts,,
shows,Macrodosing: Arian Foster and PFT Commenter,51DwdIGLHWgfD2XhAEFSD2,https://open.spotify.com/show/51DwdIGLHWgfD2XhAEFSD2,,,,,,Barstool Sports,,
shows,Hello From The Magic Tavern,0FGOz929il130iXEwkInBa,https://open.spotify.com/show/0FGOz929il130iXEwkInBa,,,,,,Arnie Niekamp,,
shows,The Ringer Fantasy Football Show,0XLPhMzcKmxoNziHkVkYpR,https://open.spotify.com/show/0XLPhMzcKmxoNziHkVkYpR,,,,,,The Ringer,,
shows,Tales from the Stinky Dragon,1QQJ7FElLE0K6CIfZNCxU4,https://open.spotify.com/show/1QQJ7FElLE0K6CIfZNCxU4,,,,,,Stinky Dragon,,
shows,Farid Dieck | Relatos y ReflexionesüçÉ,2Ltbkb4z9MSJeuvbyZey8l,https://open.spotify.com/show/2Ltbkb4z9MSJeuvbyZey8l,,,,,,Farid Dieck ,,
shows,The Rest Is Football,2fDn3EgvJZ5J1k5rrBwrlZ,https://open.spotify.com/show/2fDn3EgvJZ5J1k5rrBwrlZ,,,,,,Goalhanger Podcasts,,
shows,Thomas & Friends‚Ñ¢ Storytime (US),5eaSaFw55zh9EI0WiSk8DS,https://open.spotify.com/show/5eaSaFw55zh9EI0WiSk8DS,,,,,,Gullane (Thomas) Limited.,,
episodes,I want to be inside f4m,4Sdq9wz3szWRZu9ha7se5d,https://open.spotify.com/episode/4Sdq9wz3szWRZu9ha7se5d,,,,,,,N/A,
episodes,#2163 - Freeway Rick Ross,6EPYt9sJ8EO7hA8ZdB91mj,https://open.spotify.com/episode/6EPYt9sJ8EO7hA8ZdB91mj,,,,,,,N/A,
episodes,#2168 - Tyler Fischer,6n4K40eadHVCcBX62QbKin,https://open.spotify.com/episode/6n4K40eadHVCcBX62QbKin,,,,,,,N/A,
episodes,"Fight Companion - June 22, 2024",1cl9fq6iPU2SOJIKxenciq,https://open.spotify.com/episode/1cl9fq6iPU2SOJIKxenciq,,,,,,,N/A,
episodes,"Let's Talk About ""Fan Service"" ",1V8QGC3nH0y00iKCVtQ3vh,https://open.spotify.com/episode/1V8QGC3nH0y00iKCVtQ3vh,,,,,,,N/A,
episodes,Not Like Us,3i4wjj3XaXG7XosB9ITnHk,https://open.spotify.com/episode/3i4wjj3XaXG7XosB9ITnHk,,,,,,,N/A,
episodes,Brown Noise Sound Machine (12 Hours),3pE4uKFwCzd5TA2A6t4rHr,https://open.spotify.com/episode/3pE4uKFwCzd5TA2A6t4rHr,,,,,,,N/A,
episodes,K-pop Idol Goo Hara Helped Expose the BURNING SUN Sex Scandal In Her Final Days,3LTekla5ax1Kz7MQ0Q78Tf,https://open.spotify.com/episode/3LTekla5ax1Kz7MQ0Q78Tf,,,,,,,N/A,
episodes,FALL INTO SLEEP INSTANTLY ‚òÖÔ∏é Relaxing Music to Reduce Anxiety and Help You Sleep ‚òÖÔ∏é Meditation,3hDcWJBLa6osC87LY6ti2m,https://open.spotify.com/episode/3hDcWJBLa6osC87LY6ti2m,,,,,,,N/A,
episodes,The Reddest Red Flag Stories | Reading Reddit Stories,26kXBYToMFBIoF3hStuh9o,https://open.spotify.com/episode/26kXBYToMFBIoF3hStuh9o,,,,,,,N/A,
episodes,MISSING: Kristen Modafferi,4N9OkKf1VHzwfZunWdJkuc,https://open.spotify.com/episode/4N9OkKf1VHzwfZunWdJkuc,,,,,,,N/A,
episodes,"#118 Nick Irving - ""The Reaper""",41FmLHdSblydIvbNZchxtG,https://open.spotify.com/episode/41FmLHdSblydIvbNZchxtG,,,,,,,N/A,
episodes,A Brutal Debate for Biden,10H6j4OFHKzo6jLCZHBXaC,https://open.spotify.com/episode/10H6j4OFHKzo6jLCZHBXaC,,,,,,,N/A,
episodes,MURDERED: Thomas Bearson & Geetha Angara,5GsAn0GnPyPfOB46n5n93x,https://open.spotify.com/episode/5GsAn0GnPyPfOB46n5n93x,,,,,,,N/A,
episodes,"#115 Tucker Carlson - Revolution, World War 3, WTC Building 7 and Supernatural Phenomenon",00LYc5A7kL0cAU3gcilo77,https://open.spotify.com/episode/00LYc5A7kL0cAU3gcilo77,,,,,,,N/A,
episodes,Vol. 24,3UGYmzM1MmKYMKtp5xSC2b,https://open.spotify.com/episode/3UGYmzM1MmKYMKtp5xSC2b,,,,,,,N/A,
episodes,Box Fan White Noise 10 Hours,6Oyla124qLrYJBm1Gjo5K7,https://open.spotify.com/episode/6Oyla124qLrYJBm1Gjo5K7,,,,,,,N/A,
episodes,"How Bad Is Drinking for You, Really?",5D6wzZ8Zoyi2bDqGHq7azk,https://open.spotify.com/episode/5D6wzZ8Zoyi2bDqGHq7azk,,,,,,,N/A,
episodes,beyonce ~ donk,3Cor4Gn3R0ruB5D2B420F7,https://open.spotify.com/episode/3Cor4Gn3R0ruB5D2B420F7,,,,,,,N/A,
episodes,INFAMOUS: The Bowraville Murders,1D5wUpXdXZvso53vyGeTFR,https://open.spotify.com/episode/1D5wUpXdXZvso53vyGeTFR,,,,,,,N/A,
episodes,"Ep 500 - Inside Out (feat. David Jolly, Lemaire Lee, & Shawn Gardini)",2bmDfTkYrsVmJOVDwYow5D,https://open.spotify.com/episode/2bmDfTkYrsVmJOVDwYow5D,,,,,,,N/A,
episodes,My First Professional Athlete (ft. Boston Red Sox) [VIDEO],0n1nYVY90iTQ4jJWq88cMo,https://open.spotify.com/episode/0n1nYVY90iTQ4jJWq88cMo,,,,,,,N/A,
episodes,Rebel Wilson: Dating Fails to Finding the One (FBF) [VIDEO],0J8FXvxjWwB1gUeAFUAoFH,https://open.spotify.com/episode/0J8FXvxjWwB1gUeAFUAoFH,,,,,,,N/A,
episodes,Vol. 216: 3 Disturbing True Stories from Reddit,4rrpjzBRJ9aP78PvnN8ktm,https://open.spotify.com/episode/4rrpjzBRJ9aP78PvnN8ktm,,,,,,,N/A,
episodes,Vol. 218: Disturbing True Stories from Reddit,4wOl8ogBzxfTETkYRb6Rpl,https://open.spotify.com/episode/4wOl8ogBzxfTETkYRb6Rpl,,,,,,,N/A,
episodes,Eric Dane,4ZkPZORYNNUbIZ5jFRPMXE,https://open.spotify.com/episode/4ZkPZORYNNUbIZ5jFRPMXE,,,,,,,N/A,
episodes,MURDERED: Devan Duniver,0N77URH2WgMob0fwpWVPD6,https://open.spotify.com/episode/0N77URH2WgMob0fwpWVPD6,,,,,,,N/A,
episodes,Episode 578: Patty Hearst Part I - 57 Days,1Xae8J0e2kNLIOIo8B63my,https://open.spotify.com/episode/1Xae8J0e2kNLIOIo8B63my,,,,,,,N/A,
episodes,ÿÆÿßŸÑ€å,4Qm7smfhIbN511cWiTsO6T,https://open.spotify.com/episode/4Qm7smfhIbN511cWiTsO6T,,,,,,,N/A,
episodes,"Will Compton, Panthers Win The Cup Plus A Drunk Ending Of The Show Live From Beer Games",1hbm2vvIAgVDDklTTfTumE,https://open.spotify.com/episode/1hbm2vvIAgVDDklTTfTumE,,,,,,,N/A,
episodes,Daniela Ruah: NCIS LA and Deeks-dynamic,31jW2S2nC24wPXgm5pKV4j,https://open.spotify.com/episode/31jW2S2nC24wPXgm5pKV4j,,,,,,,N/A,
episodes,#117 Robert F. Kennedy Jr. - CIA Propaganda & Information Manipulation,3Ps1g3FUp101sN9ixfUz8a,https://open.spotify.com/episode/3Ps1g3FUp101sN9ixfUz8a,,,,,,,N/A,
episodes,The Duck Song ü¶Ü,0l50MoFol3zBPtKMUcVuod,https://open.spotify.com/episode/0l50MoFol3zBPtKMUcVuod,,,,,,,N/A,
episodes,Episode 579: Patty Hearst Part II - The Liberation Zone,6nReES9ibdjK0nuyzuKS81,https://open.spotify.com/episode/6nReES9ibdjK0nuyzuKS81,,,,,,,N/A,
episodes,The Best and Worst Friends | Reading Reddit Stories,5lNzj7rLhDxHmb7I6bXSxJ,https://open.spotify.com/episode/5lNzj7rLhDxHmb7I6bXSxJ,,,,,,,N/A,
episodes,MISSING: From a Bus Stop,1ZqwvcJOo7hYMcwrRiRcPD,https://open.spotify.com/episode/1ZqwvcJOo7hYMcwrRiRcPD,,,,,,,N/A,
episodes,#119 Sheriff Mark Lamb - Fixing the Border Crisis & Defending the Constitution,7IRqHMGaa9kwXh4ejPkjIm,https://open.spotify.com/episode/7IRqHMGaa9kwXh4ejPkjIm,,,,,,,N/A,
episodes,"Gunnar Henderson, Dingers Only Draft, NBA Free Agency And USMNT May Suck",73CoCZotwW5lVIIUZZzr6z,https://open.spotify.com/episode/73CoCZotwW5lVIIUZZzr6z,,,,,,,N/A,
episodes,#2136 - Graham Hancock & Flint Dibble,3rsD5v3sFlZOmck7oNrZJL,https://open.spotify.com/episode/3rsD5v3sFlZOmck7oNrZJL,,,,,,,N/A,
episodes,#116 Sarah Adams (AKA Superbad) - CIA Targeter Tracks Down #1 Enemy of Benghazi Attacks,64wDQTR7qhlq3oTNvNbXNI,https://open.spotify.com/episode/64wDQTR7qhlq3oTNvNbXNI,,,,,,,N/A,
episodes,The Kidnapping That Turned a Father into a Manhunter | The Case Of Adam Walsh | UNSEEN,2s4kvZSJ3tPqaT9hZfThsa,https://open.spotify.com/episode/2s4kvZSJ3tPqaT9hZfThsa,,,,,,,N/A,
episodes,"Paul George Leaves L.A., GSW‚Äôs Murky Future, Day One Reactions, and Half-Baked Ideas With Kevin Wildes",3uGBGLOOI0tCfAnMWUVWRj,https://open.spotify.com/episode/3uGBGLOOI0tCfAnMWUVWRj,,,,,,,N/A,
episodes,"Episode 580: Patty Hearst Part III - I, Tania",5dmnVIUJYXPluehnPQOcpj,https://open.spotify.com/episode/5dmnVIUJYXPluehnPQOcpj,,,,,,,N/A,
episodes,SOLVED: Ryen Family Murdered By Escaped Prisoner,1K0v56YZBVBR9hFqlkN6RI,https://open.spotify.com/episode/1K0v56YZBVBR9hFqlkN6RI,,,,,,,N/A,
episodes,Ep 498 - Dedicated Lovers (feat. Adam22),15hDHie9NHhQnWgc6TpkuH,https://open.spotify.com/episode/15hDHie9NHhQnWgc6TpkuH,,,,,,,N/A,
episodes,"Calming Meditation Sleep Music, Fall Asleep Faster, Relaxing Music For Sleep",7sEVJRvpag7QrisWgkCnoc,https://open.spotify.com/episode/7sEVJRvpag7QrisWgkCnoc,,,,,,,N/A,
episodes,Do Ya Like x Resonance,2EXOS8EnNTPDSnOqyXJYYS,https://open.spotify.com/episode/2EXOS8EnNTPDSnOqyXJYYS,,,,,,,N/A,
episodes,"Zyn pouches, ‚ÄòZynfluencers‚Äô and ‚Äòthe Zyndemic‚Äô",6ZcW3FS3gZrNqY9HlXcka8,https://open.spotify.com/episode/6ZcW3FS3gZrNqY9HlXcka8,,,,,,,N/A,
episodes,TIVA are Together Again,6n5lsifFs5P7TumQM4Kkgf,https://open.spotify.com/episode/6n5lsifFs5P7TumQM4Kkgf,,,,,,,N/A,
episodes,"The Celtics Sale, USMNT‚Äôs Flop, Lakers Hail Marys, and 'The Bear' Season 3 With Rob Stone and Van Lathan",15tM9KzZhGQguEjgsRO6Oz,https://open.spotify.com/episode/15tM9KzZhGQguEjgsRO6Oz,,,,,,,N/A,
audiobooks,Funny Story,3fo1pOgdy18i2RUJsTPHOt,https://open.spotify.com/show/3fo1pOgdy18i2RUJsTPHOt,,,,,,,,N/A
audiobooks,The Fellowship of the Ring,5thw29eqjomhIDMY1XKsLk,https://open.spotify.com/show/5thw29eqjomhIDMY1XKsLk,,,,,,,,N/A
audiobooks,Fourth Wing,4ez5NQopq7PCIFjdtCtLPu,https://open.spotify.com/show/4ez5NQopq7PCIFjdtCtLPu,,,,,,,,N/A
audiobooks,A Court of Mist and Fury (1 of 2) [Dramatized Adaptation]: A Court of Thorns and Roses 2,7aJotksUpwna8GzRhE4VGf,https://open.spotify.com/show/7aJotksUpwna8GzRhE4VGf,,,,,,,,N/A
audiobooks,A Court of Silver Flames,73sZQOkw0fOZgjPDNQVqTk,https://open.spotify.com/show/73sZQOkw0fOZgjPDNQVqTk,,,,,,,,N/A
audiobooks,First Lie Wins: A Novel,4y3ZULyXYkZVMUAmhoB3Uv,https://open.spotify.com/show/4y3ZULyXYkZVMUAmhoB3Uv,,,,,,,,N/A
audiobooks,White Noise For Baby: Steady Sound Sleep Aid,1YzbeAjx87maDEVAIuq62W,https://open.spotify.com/show/1YzbeAjx87maDEVAIuq62W,,,,,,,,N/A
audiobooks,A Court of Mist and Fury (2 of 2) [Dramatized Adaptation]: A Court of Thorns and Roses 2,5SjHD8OMgcWppK1hllaZlv,https://open.spotify.com/show/5SjHD8OMgcWppK1hllaZlv,,,,,,,,N/A
audiobooks,The Midnight Feast: A Novel,3P5M99YhTiGjpX3JxKezzm,https://open.spotify.com/show/3P5M99YhTiGjpX3JxKezzm,,,,,,,,N/A
audiobooks,A Court of Mist and Fury,0drWNw7Mb37dALe105qjIg,https://open.spotify.com/show/0drWNw7Mb37dALe105qjIg,,,,,,,,N/A
audiobooks,Just for the Summer,6v0zjhipfkUkFWJHV3w9mk,https://open.spotify.com/show/6v0zjhipfkUkFWJHV3w9mk,,,,,,,,N/A
audiobooks,Fire & Blood (HBO Tie-in Edition): 300 Years Before A Game of Thrones,5S8vwj5bsSbSZYVasVynyF,https://open.spotify.com/show/5S8vwj5bsSbSZYVasVynyF,,,,,,,,N/A
audiobooks,Fairy Tale,4k3NT0ka9u3xzjrcFXMz7S,https://open.spotify.com/show/4k3NT0ka9u3xzjrcFXMz7S,,,,,,,,N/A
audiobooks,A Court of Frost and Starlight,2zYOOASOSsUviSXReWxRvX,https://open.spotify.com/show/2zYOOASOSsUviSXReWxRvX,,,,,,,,N/A
audiobooks,A Court of Frost and Starlight [Dramatized Adaptation]: A Court of Thorns and Roses 3.1,738pKQnWisV89qJw4m8fqh,https://open.spotify.com/show/738pKQnWisV89qJw4m8fqh,,,,,,,,N/A
audiobooks,"Friends, Lovers, and the Big Terrible Thing: A Memoir",3S8fnFFJnId6E7QRGkNe1j,https://open.spotify.com/show/3S8fnFFJnId6E7QRGkNe1j,,,,,,,,N/A
audiobooks,The Dark Forest,4PatXqnpuFCZMIVgrZlRw6,https://open.spotify.com/show/4PatXqnpuFCZMIVgrZlRw6,,,,,,,,N/A
audiobooks,"Girl, Alone (An Ella Dark FBI Suspense Thriller‚ÄîBook 1)",19Xw49IjNbOCCoebfy3qA9,https://open.spotify.com/show/19Xw49IjNbOCCoebfy3qA9,,,,,,,,N/A
audiobooks,The Subtle Art of Not Giving a F*ck: A Counterintuitive Approach to Living a Good Life,4nWWkORsA650CoeCeAIi2K,https://open.spotify.com/show/4nWWkORsA650CoeCeAIi2K,,,,,,,,N/A
audiobooks,Halo: The Fall of Reach,6cTX7fY8X4IL386N3wrefi,https://open.spotify.com/show/6cTX7fY8X4IL386N3wrefi,,,,,,,,N/A
audiobooks,An Offer from a Gentleman,2KfLGLho0fCWneAujjyNoh,https://open.spotify.com/show/2KfLGLho0fCWneAujjyNoh,,,,,,,,N/A
audiobooks,The Fellowship of the Ring,6PqCeie9NYOXrt6oXFBnFR,https://open.spotify.com/show/6PqCeie9NYOXrt6oXFBnFR,,,,,,,,N/A
audiobooks,The Fake Mate,7KIc4HONBsYGluqDE7iVve,https://open.spotify.com/show/7KIc4HONBsYGluqDE7iVve,,,,,,,,N/A
audiobooks,The Frozen River: A Novel,78jMZEiQs7XMQeosFyxbU1,https://open.spotify.com/show/78jMZEiQs7XMQeosFyxbU1,,,,,,,,N/A
audiobooks,All Fours: A Novel,09BbIV0YxZTC78cyYL6Yu1,https://open.spotify.com/show/09BbIV0YxZTC78cyYL6Yu1,,,,,,,,N/A
audiobooks,12 Rules for Life: An Antidote to Chaos,2JUqMkw7b7ns7UPNJi1PSZ,https://open.spotify.com/show/2JUqMkw7b7ns7UPNJi1PSZ,,,,,,,,N/A
audiobooks,Girl One: Murder (A Maya Gray FBI Suspense Thriller‚ÄîBook 1),71ewgFsz1qSW6P0nD4Plio,https://open.spotify.com/show/71ewgFsz1qSW6P0nD4Plio,,,,,,,,N/A
audiobooks,Next Door (A Chloe Fine Psychological Suspense Mystery‚ÄîBook 1),3oPqiH4pgoYiDiYnYPWAOw,https://open.spotify.com/show/3oPqiH4pgoYiDiYnYPWAOw,,,,,,,,N/A
audiobooks,A Fate Inked in Blood: Book One of the Saga of the Unfated,5WNQOCdTGAMUNII4ycAbwy,https://open.spotify.com/show/5WNQOCdTGAMUNII4ycAbwy,,,,,,,,N/A
audiobooks,Halo: The Flood,6YsH8gg8vDiQYlAguKlh35,https://open.spotify.com/show/6YsH8gg8vDiQYlAguKlh35,,,,,,,,N/A
audiobooks,Frog and Toad Audio Collection,1QLVnvInSNtteDwTQiHRAa,https://open.spotify.com/show/1QLVnvInSNtteDwTQiHRAa,,,,,,,,N/A
audiobooks,The Boys from Biloxi: A Legal Thriller,5S9m4jVM9fHWQWX3h7w6Pu,https://open.spotify.com/show/5S9m4jVM9fHWQWX3h7w6Pu,,,,,,,,N/A
audiobooks,How To Win Friends And Influence People,3UfAQ6yAJQqHjifKaQ2Nm5,https://open.spotify.com/show/3UfAQ6yAJQqHjifKaQ2Nm5,,,,,,,,N/A
audiobooks,The Fury,41rRUCNtP9vYPRrYeh1SRu,https://open.spotify.com/show/41rRUCNtP9vYPRrYeh1SRu,,,,,,,,N/A
audiobooks,Halo: First Strike,5NhUCbcEcdadjJnv3thYMM,https://open.spotify.com/show/5NhUCbcEcdadjJnv3thYMM,,,,,,,,N/A
audiobooks,Tender is the Flesh,7CsiyJscuZlmCU4jYYoYVC,https://open.spotify.com/show/7CsiyJscuZlmCU4jYYoYVC,,,,,,,,N/A
audiobooks,The Friend Zone,0a0xJ3cGBDLtyp73kxJdTM,https://open.spotify.com/show/0a0xJ3cGBDLtyp73kxJdTM,,,,,,,,N/A
audiobooks,I Hope This Finds You Well: A Novel,2nW6F3MbiHBHJD1EWf56Az,https://open.spotify.com/show/2nW6F3MbiHBHJD1EWf56Az,,,,,,,,N/A
audiobooks,Bedtime Stories for Stressed Out Adults: DESIGNED TO CALM YOUR MIND FOR A GOOD NIGHT'S SLEEP,6MdUB5uFvauCe7yMy3g8UC,https://open.spotify.com/show/6MdUB5uFvauCe7yMy3g8UC,,,,,,,,N/A
audiobooks,Vera Wong's Unsolicited Advice for Murderers,3VHL5AK735QCokDvFmucz6,https://open.spotify.com/show/3VHL5AK735QCokDvFmucz6,,,,,,,,N/A
audiobooks,Straight To Deep Sleep: A Guided Sleep Meditation To Help You Fall Into A Deep Restful Healing Sleep,7lxlEwOcZzNC46TCPSvjlN,https://open.spotify.com/show/7lxlEwOcZzNC46TCPSvjlN,,,,,,,,N/A
audiobooks,Frankenstein,3wiJxCNyeMhCqDw3TZk3Ob,https://open.spotify.com/show/3wiJxCNyeMhCqDw3TZk3Ob,,,,,,,,N/A
audiobooks,Killing Floor,4sKvGMq56oEXW2LV7pm7Mm,https://open.spotify.com/show/4sKvGMq56oEXW2LV7pm7Mm,,,,,,,,N/A
audiobooks,The Five-Star Weekend,4cwmViTcM1eUNWwlFxzXsF,https://open.spotify.com/show/4cwmViTcM1eUNWwlFxzXsF,,,,,,,,N/A
audiobooks,The Fire Prophecy,6qg0yGFQIkqPgbqKYWioav,https://open.spotify.com/show/6qg0yGFQIkqPgbqKYWioav,,,,,,,,N/A
audiobooks,Man's Search for Meaning,0uwGETmTxiIvXztGVJEfzW,https://open.spotify.com/show/0uwGETmTxiIvXztGVJEfzW,,,,,,,,N/A
audiobooks,Dinosaur Bedtime Stories for Kids: A Collection of Relaxing Dinosaur Sleep Fairy Tales to Help Your Children and Toddlers Fall Asleep! Amazing Dinosaur Fantasy Stories to Dream about all Night!,3Orphfu3f6sGviyLs79KcW,https://open.spotify.com/show/3Orphfu3f6sGviyLs79KcW,,,,,,,,N/A
audiobooks,The Case for Christ: A Journalist's Personal Investigation of the Evidence for Jesus,6dNP9SPFXXNoQcty8gQ8vb,https://open.spotify.com/show/6dNP9SPFXXNoQcty8gQ8vb,,,,,,,,N/A
audiobooks,Calming Music For Sleep,1XT4i9s7RNBmOqMVk5LNIY,https://open.spotify.com/show/1XT4i9s7RNBmOqMVk5LNIY,,,,,,,,N/A
audiobooks,Unicorn Bedtime Stories for Kids: A Collection of Relaxing Unicorn Sleep Fairy Tales to Help Your Children and Toddlers Fall Asleep! Sweet Unicorn Fantasy Stories to Dream About All Night!,4XIkKXUJxmVi5fD1UEtqQy,https://open.spotify.com/show/4XIkKXUJxmVi5fD1UEtqQy,,,,,,,,N/A
